<template xmlns="http://ws.apache.org/ns/synapse" name="archives">
    <parameter name="file"/>
    <parameter name="filelocation"/>
    <parameter name="suffixs"/>
    <parameter name="archivefilename"/>
    <parameter name="filepattern"/> 
    <parameter name="dirpattern"/> 
    <parameter name="archivetype"/>
    <parameter name="archivedirectory"/>
      
    <sequence>
        <log level="full" category="debug">
            <property name="file" expression="$func:file" />  
            <property name="filelocation" expression="$func:filelocation" />
            <property name="suffixs" expression="$func:suffixs" />
            <property name="archivefilename" expression="$func:archivefilename" />
            <property name="filepattern" expression="$func:filepattern" />
            <property name="dirpattern" expression="$func:dirpattern" />
        </log>
        <class name="org.wso2.carbon.connector.FileArchives" />
    </sequence>
</template>
