<template xmlns="http://ws.apache.org/ns/synapse" name="search">
    <parameter name="searchinlocal"/>c
    <parameter name="filelocation"/>
    <parameter name="filepattern"/>
    <parameter name="dirpattern"/>
    <sequence>
        <log level="full" category="debug">
            <property name="searchinlocal" expression="$func:searchinlocal" />  
            <property name="filelocation" expression="$func:filelocation" />
            <property name="filepattern" expression="$func:filepattern" />
            <property name="dirpattern" expression="$func:dirpattern" />
        </log>
        <class name="org.wso2.carbon.connector.FileSearch" />
    </sequence>
</template>
